{
  "cv_scores": [
    0.6885,
    0.6821,
    0.6653,
    0.7466,
    0.7127
  ],
  "cv_mean": 0.6991,
  "test_auc": 0.6857,
  "test_f1": 0.1143,
  "test_precision": 0.1714,
  "test_recall": 0.0857,
  "roc": {
    "fpr": [
      0.0,
      0.0,
      0.0007518796992481203,
      0.0007518796992481203,
      0.0015037593984962407,
      0.0015037593984962407,
      0.0015037593984962407,
      0.004511278195488722,
      0.004511278195488722,
      0.004511278195488722,
      0.009022556390977444,
      0.009022556390977444,
      0.009022556390977444,
      0.012030075187969926,
      0.012030075187969926,
      0.012030075187969926,
      0.017293233082706767,
      0.017293233082706767,
      0.017293233082706767,
      0.02030075187969925,
      0.02030075187969925,
      0.02030075187969925,
      0.02706766917293233,
      0.02706766917293233,
      0.02706766917293233,
      0.03007518796992481,
      0.03007518796992481,
      0.03007518796992481,
      0.03308270676691729,
      0.03308270676691729,
      0.03308270676691729,
      0.0481203007518797,
      0.0481203007518797,
      0.0481203007518797,
      0.05112781954887218,
      0.05112781954887218,
      0.05112781954887218,
      0.05413533834586466,
      0.05413533834586466,
      0.05413533834586466,
      0.05789473684210526,
      0.05789473684210526,
      0.05789473684210526,
      0.06390977443609022,
      0.06390977443609022,
      0.06390977443609022,
      0.06766917293233082,
      0.06766917293233082,
      0.06766917293233082,
      0.06842105263157895,
      0.06842105263157895,
      0.06842105263157895,
      0.06842105263157895,
      0.0887218045112782,
      0.0887218045112782,
      0.0887218045112782,
      0.08947368421052632,
      0.08947368421052632,
      0.08947368421052632,
      0.1,
      0.1,
      0.1,
      0.10977443609022557,
      0.10977443609022557,
      0.10977443609022557,
      0.11729323308270677,
      0.11729323308270677,
      0.11729323308270677,
      0.12330827067669173,
      0.12330827067669173,
      0.12330827067669173,
      0.12857142857142856,
      0.12857142857142856,
      0.12857142857142856,
      0.13157894736842105,
      0.13157894736842105,
      0.13157894736842105,
      0.14285714285714285,
      0.14285714285714285,
      0.14285714285714285,
      0.1593984962406015,
      0.1593984962406015,
      0.1593984962406015,
      0.17819548872180452,
      0.17819548872180452,
      0.17819548872180452,
      0.18270676691729323,
      0.18270676691729323,
      0.18270676691729323,
      0.23759398496240602,
      0.23759398496240602,
      0.23759398496240602,
      0.24436090225563908,
      0.24436090225563908,
      0.24436090225563908,
      0.2518796992481203,
      0.2518796992481203,
      0.2518796992481203,
      0.2586466165413534,
      0.2586466165413534,
      0.2586466165413534,
      0.2586466165413534,
      0.27518796992481204,
      0.27518796992481204,
      0.27518796992481204,
      0.29699248120300753,
      0.29699248120300753,
      0.29699248120300753,
      0.3105263157894737,
      0.3105263157894737,
      0.3105263157894737,
      0.3112781954887218,
      0.3112781954887218,
      0.3112781954887218,
      0.31278195488721805,
      0.31278195488721805,
      0.31278195488721805,
      0.32030075187969925,
      0.32030075187969925,
      0.32030075187969925,
      0.3526315789473684,
      0.3526315789473684,
      0.3526315789473684,
      0.37969924812030076,
      0.37969924812030076,
      0.37969924812030076,
      0.3849624060150376,
      0.3849624060150376,
      0.3849624060150376,
      0.39398496240601505,
      0.39398496240601505,
      0.39398496240601505,
      0.40225563909774437,
      0.40225563909774437,
      0.40225563909774437,
      0.41578947368421054,
      0.41578947368421054,
      0.41578947368421054,
      0.4180451127819549,
      0.4180451127819549,
      0.4180451127819549,
      0.43157894736842106,
      0.43157894736842106,
      0.43157894736842106,
      0.4473684210526316,
      0.4473684210526316,
      0.4473684210526316,
      0.46015037593984964,
      0.46015037593984964,
      0.46015037593984964,
      0.46015037593984964,
      0.4699248120300752,
      0.4699248120300752,
      0.4699248120300752,
      0.5270676691729324,
      0.5270676691729324,
      0.5270676691729324,
      0.5345864661654135,
      0.5345864661654135,
      0.5345864661654135,
      0.6669172932330827,
      0.6669172932330827,
      0.6669172932330827,
      0.675187969924812,
      0.675187969924812,
      0.675187969924812,
      0.7593984962406015,
      0.7593984962406015,
      0.7593984962406015,
      0.7601503759398496,
      0.7601503759398496,
      0.7601503759398496,
      0.7699248120300752,
      0.7699248120300752,
      0.7699248120300752,
      0.7729323308270677,
      0.7729323308270677,
      0.7729323308270677,
      0.8233082706766918,
      0.8233082706766918,
      0.8233082706766918,
      0.824812030075188,
      0.824812030075188,
      0.824812030075188,
      0.8338345864661654,
      0.8338345864661654,
      0.8338345864661654,
      0.8654135338345864,
      0.8654135338345864,
      0.8654135338345864,
      0.8781954887218045,
      0.8781954887218045,
      0.8781954887218045,
      0.9443609022556391,
      0.9443609022556391,
      0.9443609022556391,
      0.9781954887218045,
      0.9781954887218045,
      0.9781954887218045,
      1.0
    ],