{
  "model_comparison": {
    "Random Forest": {
      "auc": 0.6541,
      "brier": 0.0502
    }
  },
  "roc_data": {
    "Random Forest": {
      "fpr": [
        0.0,
        0.0,
        0.0005285412262156448,
        0.0005285412262156448,
        0.006342494714587738,
        0.006342494714587738,
        0.007399577167019027,
        0.007399577167019027,
        0.010570824524312896,
        0.010570824524312896,
        0.012156448202959831,
        0.012156448202959831,
        0.013213530655391121,
        0.013213530655391121,
        0.019027484143763214,
        0.019027484143763214,
        0.02061310782241015,
        0.02061310782241015,
        0.021141649048625793,
        0.021141649048625793,
        0.022727272727272728,
        0.022727272727272728,
        0.023784355179704016,
        0.023784355179704016,
        0.026427061310782242,
        0.026427061310782242,
        0.02748414376321353,
        0.02748414376321353,
        0.0306553911205074,
        0.0306553911205074,
        0.04281183932346723,
        0.04281183932346723,
        0.0554968287526427,
        0.0554968287526427,
        0.056553911205074,
        0.056553911205074,
        0.0613107822410148,
        0.0613107822410148,
        0.07610993657505286,
        0.07610993657505286,
        0.07822410147991543,
        0.07822410147991543,
        0.08826638477801269,
        0.08826638477801269,
        0.09619450317124736,
        0.09619450317124736,
        0.11363636363636363,
        0.11363636363636363,
        0.11892177589852009,
        0.11892177589852009,
        0.11892177589852009,
        0.13742071881606766,
        0.13742071881606766,
        0.14376321353065538,
        0.14376321353065538,
        0.14587737843551796,
        0.14587737843551796,
        0.14904862579281183,
        0.14904862579281183,
        0.1553911205073996,
        0.1553911205073996,
        0.15961945031712474,
        0.15961945031712474,
        0.17124735729386892,
        0.17124735729386892,
        0.1897463002114165,
        0.1897463002114165,
        0.1945031712473573,
        0.1945031712473573,
        0.20824524312896406,
        0.20824524312896406,
        0.20983086680761098,
        0.20983086680761098,
        0.21458773784355178,
        0.21458773784355178,
        0.21987315010570824,
        0.21987315010570824,
        0.2204016913319239,
        0.2204016913319239,
        0.23520084566596194,
        0.23520084566596194,
        0.24471458773784355,
        0.24471458773784355,
        0.24841437632135308,
        0.24841437632135308,
        0.2489429175475687,
        0.2489429175475687,
        0.25052854122621565,
        0.25052854122621565,
        0.25792811839323465,
        0.25792811839323465,
        0.2616279069767442,
        0.2616279069767442,
        0.26849894291754756,
        0.26849894291754756,
        0.2700845665961945,
        0.2700845665961945,
        0.27167019027484146,
        0.27167019027484146,
        0.273784355179704,
        0.273784355179704,
        0.273784355179704,
        0.27801268498942916,
        0.27801268498942916,
        0.2817124735729387,
        0.2817124735729387,
        0.2832980972515856,
        0.2832980972515856,
        0.28752642706131076,
        0.28752642706131076,
        0.29069767441860467,
        0.29069767441860467,
        0.3192389006342495,
        0.3192389006342495,
        0.3525369978858351,
        0.3525369978858351,
        0.3535940803382664,
        0.3535940803382664,
        0.35412262156448204,
        0.35412262156448204,
        0.36469344608879495,
        0.36469344608879495,
        0.3916490486257928,
        0.3916490486257928,
        0.4164904862579281,
        0.4164904862579281,
        0.41701902748414377,
        0.41701902748414377,
        0.4376321353065539,
        0.4376321353065539,
        0.4439746300211416,
        0.4439746300211416,
        0.46617336152219874,
        0.46617336152219874,
        0.4820295983086681,
        0.4820295983086681,
        0.4846723044397463,
        0.4846723044397463,
        0.4952431289640592,
        0.4952431289640592,
        0.49577167019027485,
        0.49577167019027485,
        0.4973572938689218,
        0.4973572938689218,
        0.5211416490486258,
        0.5211416490486258,
        0.5739957716701902,
        0.5739957716701902,
        0.5792811839323467,
        0.5792811839323467,
        0.5792811839323467,
        0.5893234672304439,
        0.5893234672304439,
        0.5961945031712473,
        0.5961945031712473,
        0.5988372093023255,
        0.5988372093023255,
        0.6538054968287527,
        0.6538054968287527,
        0.6675475687103594,
        0.6675475687103594,
        0.6802325581395349,
        0.6802325581395349,
        0.7151162790697675,
        0.7151162790697675,
        0.7246300211416491,
        0.7246300211416491,
        0.7251585623678647,
        0.7251585623678647,
        0.7404862579281184,
        0.7404862579281184,
        0.7484143763213531,
        0.7484143763213531,
        0.7885835095137421,
        0.7885835095137421,
        0.7933403805496829,
        0.7933403805496829,
        0.7949260042283298,
        0.7949260042283298,
        0.8076109936575053,
        0.8076109936575053,
        0.8419661733615222,
        0.8419661733615222,
        0.8567653276955602,
        0.8567653276955602,
        0.8710359408033826,
        0.8710359408033826,
        0.9075052854122622,
        0.9075052854122622,
        0.9201902748414377,
        0.9201902748414377,
        0.9371035940803383,
        0.9371035940803383,
        0.9513742071881607,
        0.9513742071881607,
        0.9519027484143763,
        0.9519027484143763,
        0.9608879492600423,
        0.9608879492600423,
        1.0
      ],